Address,Balance
0xee2826453A4Fd5AfeB7ceffeEF3fFA2320081268,7.855243889031205e+21
0x549C0421c69Be943A2A60e76B19b4A801682cBD3,7.388931929506981e+21
0x82E8936b187d83FD6eb2B7Dab5B19556e9DEFF1C,7.379247705695911e+21
0x13e252Df0caFe34116cEc052177b7540aFc75F76,6.820063272024645e+21
0xef764BAC8a438E7E498c2E5fcCf0f174c3E3F8dB,3.942001589881651e+21
0x2EDf26c1D56158B06F692B9f6D6547018417c181,3762269432964015623979
0x167539702B5501aADd9B0B85E53532Fd57cC71a9,3.7251878101549496e+21
0x649e74B1CEbAfe73250b5bd1416DC3C9040680ac,3.4866850939455904e+21
0x16a4eC779ec71F9019fF79CbdD082a078C9eA06A,3.2245732363503434e+21
0xD9B99266C42d427Bb3A64f30a0242bbEb41F6830,3.144968782886113e+21
0xf6657BBCfEB5C2746E8C609e35018A5a8caa13fb,2.688136512234801e+21
0x3A516707C6a34a44A02C608a11f73351269dc6c4,2.224232762939003e+21
0xb92eCcb3AaD420237E2db6768554569a58c566e2,2.0218223584713056e+21
0x85257f61Bcf59f7498007D8e08D6eFb7AC1EEf4c,1.8142566097092666e+21
0x702D6DeF95d59E31ebA8420372821c2E49F2D607,1.694640755472872e+21
0xb0dE3c7Ec18a6e61E336412054Cf730257A7F933,1.628146014832183e+21
0x2dc23418844EACD31a7D91A5571E000960553283,1.609026158254436e+21
0xc5C5B53438A7Fc9CddEA4f0DED2D12FBF75b6c76,1.591564786363697e+21
0xB83c15a93B65a57c59A568068dFEe5da911146B8,1.5032221886258057e+21
0xa5cA469103c502c5137AfD926a644253fE5FB73e,1.4783138533819438e+21
0x68c792F503347eCffdD292fd1C1a7b0751E9eE79,1400000000000000000000
0x8E04968FB8159783F93CdfB3bB97AA9b90e2c72C,1.2232930950881702e+21
0x274d9E726844AB52E351e8F1272e7fc3f58B7E5F,1203041239136594893440
0x6fF3d5a0BA36b503399E0BD4AeD8DaaBab091F93,1.1540524208221554e+21
0x0E91CF9DD6A1C10e9f87EfF4165F280254069Af1,1.0169011559622089e+21
0x7BFEe91193d9Df2Ac0bFe90191D40F23c773C060,1.0043838392407471e+21
0xFFd68Bb1B7882019b394a4EFdD007a6E1b5Ece5e,951705383011796789339
0x0907742ce0A894b6a5D70E9df2C8D2FADCAF4039,9.505715278990239e+20
0x7DE2bF548eaAd49588eB334696d7C2d4443C0575,9.498392375308398e+20
0x597dA53a39ea634bE355E6028136B5E5F28C25d9,8.889328e+20
0xCF0AFA96743819D52515BfF99635A7978f2a856f,7.90483952716699e+20
0xFadAFCE89EA2221fa33005640Acf2C923312F2b9,7.660320126738568e+20
0x5583Bbda575F142993c10A335daf29dC7510E8F2,7.518951580766811e+20
0xB1604602542456fE0CA6122157EF54EE53e85882,7.4086249372596e+20
0xaCF3B05cC656a62602878c8B0Ae6903c0C13083D,6.697390502533992e+20
0x27eAB7D3Ce4c84B9AfB0324dEb7c56BD72FC2FA0,6.606880386343137e+20
0x26fCbD3AFEbbE28D0A8684F790C48368D21665b5,6.167822431540062e+20
0x00290ffc9e9D19bdA7b25c6e44d8ADF55DFBf2dD,603954079811479252285
0x533e3c0e6b48010873B947bddC4721b1bDFF9648,603078786218793728261
0x1a6db538813Dbfa63E1F19f8804447187B7D401d,5.687536032117295e+20
0xe1A59cDd826c4460a30a77cc0526CD19351f670b,5.6423555709742265e+20
0x8B0C8c18993a31F57e60d81761F532Ef14633153,5.568449991767579e+20
0xe6a6eE4196D361ec4F6D587C7EbE20C50667fB39,5.482729816231334e+20
0x7b12A955fd0D2D2A023E252b1fd74d831786e551,523318100285399753150
0x3Ee505bA316879d246a8fD2b3d7eE63b51B44FAB,4.84268381618046e+20
0xe0Ba6c4c82376c76386D1Ca2ae2516Ab18882e3C,4.807901676331466e+20
0xE26eB64db2fd138b5067CcFaf1E94107F85F58A3,4.573201422001565e+20
0x3114FE8BAD632D77868928c8595176d80B5B9594,4.533400880764163e+20
0xcC2b9fDe1e59342C1Ae10ebc02bb44E1dbE2B02D,4.473124142801993e+20
0xfB27C8582976F1A29d58e89Bcc89dA1e54D78076,417203826758448536052
0xA26EC0c4468D4C7F4771E38c04bAe274741C9C5d,4.1663219328740655e+20
0x11d0Cb5C690bC838eFc52C621F6B48040dd000F7,4.159979241184571e+20
0x1C1a6497068a8A0b1DBA39420A846A6c12D350e8,4.157346770303769e+20
0x6A928643E35E254fcc6927c689694897712d3827,4.09804998683133e+20
0x4c126F9754e4c9f21cb63D8A0C3A312fe082308C,4.058859390180988e+20
0x627FaAa13Ca3D25BF959325D44543e04C99cceC8,377003492328465953992
0x12478d1a60a910C9CbFFb90648766a2bDD5918f5,3.6855995907227936e+20
0xABf727d85B90503dCc175F97a4674F649f369540,3.64253240186443e+20
0x0056D1fd2ca3c0F3A7B6ed6CDd1F1F104B4BF9A9,3.601271954557357e+20
0x10eE4A1aFD15073A97975236dCEd5D95E68477EA,3.598847893250846e+20
0xF44B52C11b1c800722E8fDF4aa7F3076339E73c4,3.529056505416958e+20
0x8C93bc0ccC2824964860cBA99eAbad54b82e4960,3.509482189890042e+20
0x96236aDB640eC620A85898378375cEDf03ca21ff,3.466644053480895e+20
0xfe9BaE5f3a30746de18E59F6e6f9d600e90cFdD4,3.346212840628454e+20
0xF9A0106251467FFF1Ff03e8609aa74fc55A2a45E,3.296798030936441e+20
0x6a93946254899A34FdcB7fBf92dfd2e4eC1399e7,3.290390278012695e+20
0xC232247fcbC3285BAB034FD7286523f1d1530A70,3.111600863181092e+20
0x4e65175f05B4140a0747c29cce997CD4BB7190d4,3.045434076721851e+20
0x8c4BA49D0aDa8CaA233bb00670231bcAF20aE148,3.0251004018560054e+20
0x7c83B51c1feCf0631101DF8E7FF602D181A64e1b,3.005778837985831e+20
0xfE99Cb7011E55F1dD8C376f9134e24EF8a10B14d,2.9031636201178808e+20
0xA9C09f45b2bd1bbB3D7AC14506B7C9c9476A7649,2.6050682621732795e+20
0xa6E5cf0c6BAe494988A5583dB57FabB2C8b7aC7C,253633942161339421614
0x406cBFC2d391bEd42078138165465128b4E0CB06,250099999999983253788
0x9220910945de631FEec536748B56945d0fBFd2eE,2.422586845548813e+20
0x81ccdB7583E488691Ed79936f9ca84D1719514fD,2.390302385417663e+20
0x2fcDa75f0038D54BD0f0d88D5Db2a62EA298AF36,2.3725686847903967e+20
0x843Cf78Ca27baf000c14958251Bb0373D3855895,2.3722431962387697e+20
0x74d429B653748a56cB33531b26808b6D153670FD,2.3494913665832072e+20
0xe5A8654631B3729F73ca3503bA09a5d3e11b46da,2.325434836728174e+20
0x57ba83473A256b4702A8a6c739bB161b784EE10d,228073111588881402226
0x60d1DF05426B3d7400db3aEDa1824c287cf48BB0,2.2345469351636894e+20
0x546ea8D0D8e7cC4fA595e1Cc37FbdaDfb3576396,2.2246055134469335e+20
0x31F27A94C039236E6d9415528f4e0495BCFbAad0,2.206649597763955e+20
0xdcC333CcE887c856e7DE7afe683FDB4641C5f0ad,2.1870985855571463e+20
0x1C57e856eB45c7dFc715D4d6fF284fb06191fca3,2.1657050250853637e+20
0xFfB7CD05118da46bf8F622Cb5437e9418ccCeb59,2.0876692702247404e+20
0xA174060f50dc531808110D09bCC738E01F23ed2D,2.065787161018855e+20
0xAca5eee16Df64adC22789D91FF5739e2425c628E,199093670060133296872
0xAe9DB1fF69cfCa2720fF2e5d81807d7383138A39,1.9901576182946238e+20
0x778AdF8b7EeF6Ca8302190e8E2F056106172CE87,194822924355118814330
0xA246f0aeFd4adbb66D9848fB2D4f12f3f59ed12C,190863875800179927186
0x838007969d43F55FE84FC09701d0F9903e9190ec,1.8620897994953572e+20
0xCAab37Ac807222099bE187146A8fEb59F1697eAF,1.844263780879954e+20
0x54Bcd31Ca05680f24F9Ad644187E06C5DeAEc649,1.8234437873782817e+20
0xF19f4490A7fCCfEf2DaB8199ACDB2Dc1B9027C18,1.7986761017102185e+20
0x81B47C0803e94768Bdb05B9b00B18D609579DCcb,1.7950598193809906e+20
0x8a72c47F190f2118227A83Da784A2Ce45C54f484,1.7896032727167356e+20
0x86A9EbD5e233156243ADF4c31491631B14Ea9E71,1.778205090874505e+20
0x6255Cb7a706314835A22889500C8D55130912926,1.7453119914164188e+20
0x2E15D7AA0650dE1009710FDd45C3468d75AE1392,1.737875849143398e+20
0x8a14E4af27e6e6feC7063a47982D8E300a3787FE,1.6837796963101494e+20
0x7570d37ab044F042A2C498cc894caAB8fda4D65E,1.651652700904308e+20
0xA27aD8a4D386441E38F18B56D374B7F81c4FD3fD,1.6290263103718316e+20
0x7a8170b3Ecf2b6850A62368879C8AA4fc1521106,162452136639832543467
0xc2EdaD668740f1aA35E4D8f227fB8E17dcA888Cd,1.5978391737591205e+20
0x0C1345544FAB2d81eE980Af27d9940E885330A25,157272727617278009470
0x022766B23FEF0F84B3C654E954141B0b4e38005c,1.5142062772664497e+20
0x4221D9f090F38025a042815364c51Aa1b32A7d60,1.4900472795801374e+20
0x9790B848f3366BB8e3EA8E59b9fF0446B79E1134,1.4764404381897602e+20
0x68F593572402632C724bc2d2fCa05e91541269F3,1.4717427866377391e+20
0x66eA6012719c8c85807b1ADe47203114Ac93e251,1.439463502690111e+20
0x9bdA29aE037FAf29594136A6F6dB197aC580748a,1.4305230801407156e+20
0xE35B827177398D8d2FBA304d9cF53bc8fC1573B7,141950436772437995175
0x03f35Bf158c39dE0D3a9E59C60CD5Dfdd89012d6,1.3972536342157297e+20
0xd6Fd705EE0B31a9300D3E2154bccE777270CBb6f,1.3703008666307305e+20
0xb6ac0341Fcf3FB507A8208D34a97f13779e1393D,1.3447028447442813e+20
0xF6F7a399405ca3A6434b390d0221353748cf1884,1.3345804308753275e+20
0x0Ee13879255435F2D86c180Dc78e4ca001303995,1.3275684784440407e+20
0xa4Fd05DA9535111C508e5a2AEAC053569C7d5e3d,130000000000000000000
0xC643Fc22FCde1d2C75bC19BE5b992c6E52f6724a,1.2822447421022488e+20
0x0fDD1641838d73ADbDD6415650b35b2eE753e2F7,1.25e+20
0x1B02Ab3621631a28484F846F286ae7ce343901F1,1.2433872614514858e+20
0xf2Bc07DAc20b616e95c7F33B0340EaFfAd1756a7,1.2356646341229086e+20
0x131A45A8920FE58a61705b5f9970800d09408Fe7,123250836843855617935
0x5BFA69517E17411bEDA54ea2d3672709F4867254,1.2212262237661941e+20
0x5f1F880450457275Df5456EeA2Cb2D5B6c53936C,1.2058257910240834e+20
0xC13bA51d26d1b2022Fa51e25243bb49A54c4A953,1.1945340744600633e+20
0xd3537114D0E65f7e27D456d50E1F8d508C302225,1.178664822366888e+20
0x4E9ba296decFB2bAc193EcB546407Be5c2c21543,1.1488021899980092e+20
0xFA93F9224B1d14AE26959dAD4D9013939833cAAA,1.1265750687615541e+20
0x897a6E6BbAA68D26F965949f1bf0B7DfF723f22b,1.1200386137342833e+20
0xDd79dc5B781B14FF091686961ADc5d47e434f4B0,1.1176371647996396e+20
0x7e6d0C66124a459Bf9529dcbb56a0d90DCc584db,110552619666698616454
0x0990fD97223D006eAE1f655e82467fA0eC5f0890,1.101277708685576e+20
0x2B91f933D5Bc5d254a8AC3AE65c46Ec78cab2Daa,1.0822771595007956e+20
0x767D2D13fA64FC0216B44D7830a8057D50bdffE6,1.0814763024100232e+20
0x4D89D373A7Ec36cEC559d81c3820FB22c460053f,1.0377712237602565e+20
0x932a824A4d3d0680e0b352De150e6f212B8aC841,1.0335749902575668e+20
0x3b96f28e3B45a19FA3e89232D0680E54872D3d58,1.029596134140252e+20
0xA06CD20fE609E67Be9AE2441B9e08c48C8851c42,1.0213422494172902e+20
0xde1f90725eBebD36fA4Cc8Eb1fdfe732b8fbb995,100695774426778076647
0xe12c849046d447e60E6Fb47bacA6Dc8561D3Cbf7,1.005929669838286e+20
0xeE4c633368f1fDbC0Be5845C32Dd592C40368bb0,1.0015178565022712e+20
0xA271D68B4d808cb60Ab68ECA70827B20CFC255ef,1.0005891432376014e+20
0x54366DD092C464af154507C3DDbb31206B804AA2,98534631050047778721
0x584C7c9B0A8fB3F648c3912316A2c5E873CF39bb,9.798405310687609e+19
0x66821f1F6e4fEA21742fB7e990f82D181972d6f7,9.745064017013128e+19
0xf75200b7684A120fBa433145609112616749C082,9.703896895337246e+19
0x07EAa9E32BA4c69698B8adba66fd6eE63c591894,9.063691951671244e+19
0xc6c77B16A85C3946e0BDfC71fdb7eFD3d89359d0,9.008767682839757e+19
0x9F96C56ff184776365752f7b27d1c5342f295DFD,8.851998390408813e+19
0x8e101059Bd832496fC443D47ca2B6D0767b288DF,8.809749463862297e+19
0x07F57Aea5835720d4a3342b6c9B43c13fE9C1dcc,8.80400181302626e+19
0xb84848Ce4a46a44f06864B5deCc2fe07b842CF30,8.603733518627825e+19
0xA89f778740c6562dAaC0fa1e09F48e0283A39611,8.455556843268307e+19
0x21EC813b2Ecc31767FeB95f3E3097906810bc798,8.403758645325052e+19
0xEb78c83629694eCf185Ee4aa3a11eaC22Fc5bCC5,8.398094362230674e+19
0x430847cCa05a32cFAF482c40009b153Ca1eee89f,82624301865587693461
0x2AB7249404146652fbd5BaeC337B66BcF8070cE3,8.203386041684825e+19
0x3c728c550EAd2dC6Eb54378E863e6128483f7010,82000000000000000000
0xc229d7D3dD662A1b107E29AA84bb0C8Ff609CF3A,8.16805706190103e+19
0xbd52889A4cB198a0E2cE36b52Cdf75c4e65875A8,8.151181620811535e+19
0xa19ed0aE46e89461e56063f1eD268a0dc225745f,8.132911393950718e+19
0x28aC01eBF289292783cFAAD9Bbf2c7fE2666dfBd,8.132534227283563e+19
0xf1B1Ac4CC89b151DE017e06ed7D82436505a6056,8.021059642890523e+19
0x2c224349Def54E0Dc9577FFF828564Fa62a003d2,7.978664879577216e+19
0xeeFD6537Adbda7b1A9Da3f6607dDA26b048489c2,7.968840905344526e+19
0xa0905c79c5382874447A7B6733635236FD4401d1,78090703132192541050
0x7251cDf96fcBF566A699b79A8A3d0E899310e958,7.676969178758704e+19
0x39A7baA3fcb68Ad38377Ea4ebB402296Dd69D981,7.657896622713612e+19
0x9A84790535FFB45459dd9a2C7538eA0f93bFCe23,7.512997469084015e+19
0x6EbC7326Ab81Eb57aea889955a7cC26fDc3ca0Ae,7.510783324292188e+19
0x293Df745D884beac9cAFB957949F2F7ae9934De2,7.3642989856211706e+19
0x7A198392A9Fd3B24cd6F3CBF9f15ED48269c8fCF,73588307674555133593
0xcd2f332AfdB1c90A5127D6D846D65Ea1DD2b1586,7.267257501715951e+19
0x2e8955155FBbfef14e56012A27dae10D8bc1d882,71773104040488379116
0x6B6c51C444fea186e7dAb8963730f37FAFf1dB16,7.0166836199999226e+19
0xCb70c73907Ac286Cf2D4FF39B3212D5d9e803Ed4,6.997938815420132e+19
0xaC9e6fA8Ad5214F365E99eE96227598eA1E4B20c,6.9674078110641955e+19
0x7763D4CE482C35B59AA0fc48Ae2EABd00F60b82e,6.953153680186337e+19
0x16f25eD38639bcDE3ca822E7Df8064bfc4620682,69066569247935177885
0xe42A70EcCABF2062580aAA2463084538C65776BA,6.851062005122569e+19
0x3b0455182504A6f45C2D32D6edA19E16Bb4A39Da,6.824850753347693e+19
0x3bbEc29ab82DB1F0bE3F67261CC902C4e35ab70D,6.791994871991386e+19
0x72Aa7371CD5113fb7f1b1452867A421B2A375353,6.786538034568381e+19
0x599f6CdDB25412084CFA7FDE24bA808C6ADdA5e3,66611637224299672661
0x049940FeDA4277b7F01eF10fCA0B975c541D8Fca,6.5845533772011184e+19
0x19dfdc194Bb5CF599af78B1967dbb3783c590720,6.506221519735843e+19
0xA9d72E76a817c529979bDf736de2F80f0C25BB3F,6.303325384029917e+19
0xDF84B6941601d20E8b0A8FD787541709144e4C8e,6.24430313834934e+19
0x8b3d48AD8CC723a8aF4D191f6900d28CbAE1dC87,6.043465466384644e+19
0xb16Ff5f0399440d1180d3af7FD82C64F6A875dd5,5.898666228920224e+19
0x776f8B9C6A6ea638362e5038c7B4Cff79F21D4f7,5.853303658135321e+19
0xFDF4127eF86173df4109d067bBea67e6552D4700,5.840064832818516e+19
0x11c3946dc1b186C2E8cdEbbAe4527B418a2395eE,58115344727861824787
0xf4d430dD8EaA0412c802fFb450250cC8B6117895,5.7331166877412295e+19
0xf4E061b4a6Ef2eB347C787D2297Be10A2E617926,5.6220776645943116e+19
0xD2145d856942d9fBe466a8611BA592c4854a4A82,5.6061133989288894e+19
0x81aFcF6Dd79897cBa488471eCEc2f41BF3f7CA9B,5.5529935138586395e+19
0x62b8Aa8A3c9c328Fd2717Af6e3C0B27F9581a6c3,5.5455600260595655e+19
0xb96753cA4F3a6667dF8690A794ca0bc7206c6D31,5.511243515677892e+19
0xa04a83c3f12D055da8feC806cc11Df3483776670,5.483591040249307e+19
0x949397d9db7cc625f643bB8c458818696FC4eC55,5.472328938646143e+19
0xc2A036f59B42bDACBeF688AD6462D861C8392572,5.42967478953409e+19
0xF8132edE85C4A4626F0e3fcE678378B90Fc6bBfe,54000000000000000000
0xCFFE08BDf20918007f8Ab268C32f8756494fC8D8,5.380641957556567e+19
0xA2B0D0BB58cdCc9fa97a04c2F1C1E5df351046f2,5.147761675636259e+19
0xC0471F8a0ca9ac3E234448344284dcA8e93E0b58,5.145476604399881e+19
0x5f4f120D8435ea38F0F4635A910fEe03801BE88d,5.084165904303581e+19
0x8b941bA67C0cFF1489A34e83230595C0cd2AD3bC,5.070260204758479e+19
0xbA0D6D3245C87fd89a70435d72ac3728039bDFc3,5.025106372271704e+19
0x4Ab3D7F4c46E511Ca09eeCDAC483e43ED96bd7Aa,5.014524674118974e+19
0xC0E7dC00D7B898C5318a402873D0DD75eB217D2E,5.008649163900397e+19
0xFC2d1efaA05d0B350F4639856bCE2a745588Ad2e,4.913730229234954e+19
0x065E4A5E386Fdf73a55B02Fb6f06070DA0B98b69,4.854779763701833e+19
0xEd20d792D027957F2FBF606b575fdFC6d85112af,4.833770291770043e+19
0x67829CE84c3ff466C3240837baEa122cbd067419,48000000000000000000
0xC02bFC8c96477d82Ae78d3212b802C4bfC820F90,4.794697762995824e+19
0x866c23701eFdDB1a70b9C2293e160D17EF1EE2C2,4.693785102673292e+19
0x14A03CA8740A0044E63d3Bb0432540d9509473d1,4.663357488907955e+19
0xaD3537445290B89aeF571e4F0f9Dc77376FB5571,4.6533225196929245e+19
0x1Db5FB7005412B6E593a9B28AFeC4c7430B1e812,4.61131488516068e+19
0xBc6221d25A193601535d3e4CCF5C3F87Cc9eb820,4.5569169988918665e+19
0x385BAe68690c1b86e2f1Ad75253d080C14fA6e16,4.533468261114197e+19
0x536FDC52Df8EF6C5ec7B5616d6442965d451170b,45265195897237145956
0xdead25C40A9cee31f008BD292810eeb684A595D3,4.5145215189298184e+19
0xd1C1d7adE57144F0b7BFAd2aaf3e99d26FA89B29,4.4819824148102636e+19
0x2479CF68992Ae53D4238a0e9e3F1eA27067Ee293,44558053260000072206
0xD87C38c434288b97d47E77B341Ac7DA721E94bfC,4.449764646975918e+19
0x56584eE28735e10b381275B913b934Ed656b0E28,4.328682464402798e+19
0x0ff9965e13bd0aA031Cf8254ebdaAe286FBff124,4.3125367039486886e+19
0x894e7d13Ab2Fd0c113Ac3f72E10FdcCE699EB74d,4.231412331810557e+19
0xD81eD022BBFe903f3e1BD75b7242a4CceBb3d6cd,4.223740491565204e+19
0x9061A702Ce509DE1D549Ab3e720aF56a88EA2Bd2,4.136374884272471e+19
0xc5150Ee35Bbd51F9B1A6EE0D7A0A6f9BD8E96E75,4.134823093975621e+19
0x84F87dc95e563cb472A1fBC6cDec58E9b74aC882,4.1292702792572854e+19
0xA7c6ffA9a954a772E7ff860719581c87b0E923E2,4.067955135912192e+19
0x321F011917E384E43E5E85b8D6f4a56DcDfE31e8,4.06531471656113e+19
0x4e7E664d589dC58D5B9B99c5b4147B59EbDb098A,40234807270323546612
0xd0dC07B98769f23A7BDbef15A35Faa256CB65dCF,3.917266202155785e+19
0x8fE867C05774175Ba57a4174E3c21522C3153e15,38983679147425447328
0x76d2DDCe6b781e66c4B184C82Fbf4F94346Cfb0D,3.898076536208288e+19
0x652Fb0DBD43CE7a92f836243c79a98c8c1F9B005,38839482146908347927
0x367B2e968D71A633aC2EF239A042f3F35ac39DE4,37603422896366487796
0x25A3c7e4d6B690Df368D41eA24eC2dD13321960D,3.731973135395977e+19
0x5F4252E5D5239733913DdF4D1dFb12391eafC65A,3.716574652795504e+19
0xB1AdceddB2941033a090dD166a462fe1c2029484,3.713863057339542e+19
0x0D494F627E4688DB949190Fb994C043B9B19C0F9,3.706289425476558e+19
0x3d9979626D07df08a649Ea51a24556ddD1B7f51e,37028036923721510982
0x11c9Ac11ce9913E26faA7a9EE5B07c92b0C8c372,3.6514605494784893e+19
0x9C16695c0436834498B836799507F8F499d8f3e9,3.5854902939896357e+19
0xA8Ba3B0D8f921756050fC4413b6205cBAC4677D8,3.583683250651198e+19
0x1a805EBa84C7c31E39dA8EeFeC0087D02FE958E6,3.5622788808899916e+19
0xD0cf0a50568D84842A2995ef6D94577C3dA5f777,3.5263922615240835e+19
0xd455712e43582134F101a0C686d26548B5438A3b,3.5054551505131495e+19
0xADFbE7EBcA364A3A1616136CFd7e0EA3a34cd18b,34562352104273041497
0x4819f3327F0aAD05298B6CE9E59821055948fb5c,33662363264611533908
0x9008D19f58AAbD9eD0D60971565AA8510560ab41,33661004164492165024
0xCB49CCDDB93Adc78B17F5FE8Ed9a80522978513a,3.3520283459701096e+19
0xb29B8924D1D70cf28394842fDa80AB64cC25D2eB,3.3504802565147333e+19
0x81498b961434b208406B6A2d53Eb669003A049e4,3.280954494349594e+19
0x09Fa38EBa245bb68354B8950FA2fe71f02863393,3.2446592140215206e+19
0x08c9573a3a9235B712237747a88989dCb24d4a34,3.228924118640214e+19
0x5D1a5b4dFB0978da25CB4E4C864454949108D672,32068987002742300000
0xCe9392aF59c6aC9804FBB5e1492cC52Ff0F17a68,31990321740868205458
0xFb19bdF16FF7df84eF2E9783905AbcB3AA43EC31,3.172521665440563e+19
0x4F532e0ae9954A85E5396F3E8d1876556317bFBA,3.155765475089919e+19
0xD5DC994f2b4D81c3a160D3b1bAd5a37DA1aFf0dD,3.085049414416394e+19
0x9cD04BE59Bddd21F8aE8dC84782FD027471aAD11,3.074215048049962e+19
0x4Fa7095836Ea52468059974a05d8c0fAa95e5D7d,3.0697272298258887e+19
0x389FB28bC3439091BEca0E573738429F8d9afbf1,3.066325459862276e+19
0x742cc86eA8ae6DB7BA37bD4548355fa65a7Fc2D8,30000000000000000000
0xfd79A2B6305C3dB50f037fEf63A9a7AE8CC8dbE8,2.954700512798604e+19
0x77779046cf7f44cDd676a163BacA7E1585639997,2.9283506429474857e+19
0x201b0eA27717c02b67E2802F80bb1A4B3cDC9A85,2.900971835866533e+19
0xE11fc0B43ab98Eb91e9836129d1ee7c3Bc95df50,2.847113073815212e+19
0xCF8BAF60A43ECA451e12D11a6DaF3fFa3474FfFD,2.840957961836172e+19
0xE9123B736c6396cB66E4B635B32Aac73a5B2397e,2.816310826002578e+19
0xd4180C533Ddd997540Ac3Ec7d5B487b86B2bc704,2.8042865159687463e+19
0x3c229864378b3B0adF98aE247Ca33986AED8EC1E,2.7859908506891825e+19
0xBE97ce9d999c25F9a5f080891118ACF44C218CBC,2.785556607997925e+19
0xC64805A0EC83875767001EA655dE432bbfc6C9c8,2.759049686813284e+19
0xD184B496874221b2CcB594245e6164D8401554FA,2.7535681473785643e+19
0xF94F7b6b956225BcE60A5f0C7B82D347071E48dC,2.752647053653542e+19
0x05980f2A80B2f3066567146eb949463567C53796,2.698715913860649e+19
0x600f06Cb31BFd41F827C325B908fDa00FC169AB6,26902797044545597618
0x606aa08b47409be0AcbC5D573e3202920C01Ca12,2.63466254411422e+19
0xfC346690666B1F3e0b8FA729f94cCe64969eD074,2.6136298207105233e+19
0x1fD834197f433e4D962314FDa651298Fc4A5c334,25935950792009164798
0xb002c989A1a6cc4D92a8c472619A7803ab7850c0,2.542608067789474e+19
0x8740D9eC65b40bE5EbB84BD22607e81260fe3a3a,2.527192149565883e+19
0x91C5fA6872f3a93b999843EaF06EB34a18a69A12,2.5141904167026e+19
0x1cF4C800369Db976DE70EE018fa84e44A8e097E2,25050134789932063699
0x2FAf55a544c5F73666438BC185aeCC9D685E6E3C,2.473909230805838e+19
0xA83F6BEC55a100CA3402245fC1d46127889354EC,2.469231532643441e+19
0x45AEDcd8Ca9Ca884E11E01cf63bE413B4eD7684f,2.457860231152113e+19
0x3e4399B25B31E4b2B02268da9b51AED41cA305Ca,2.4415012875259896e+19
0xD996c2971FC86Fd32Ea3d1881f70C0E0Cfd90EFe,2.379205940356616e+19
0x1A6Fcde3E1FD231096F7FeEF6741daF2360C9C4F,2.3622666987816653e+19
0xB4727A1D8875177Dd9Cf9a2Db6cED5E039E62788,2.269640872953933e+19
0x053bE9d5Adda195c12Ac6e33c70C3623a9323D5F,2.2499087614664106e+19
0x16E648667b6BB4c7E572f5cF71874f7dD047Da8D,2.2064967172039164e+19
0x9D6E728423f16747289EA285FF66e75440a26CD2,21583605029247803270
0xBDbFdf3e82fC9d2bE1352e252aB1Ce2287fC2122,2.1485373361411883e+19
0x4BDACfF260705678F18716d80F071cA771aEe745,21407259611253033773
0x1EE3377E11fDa1b2d55cE1A601Fd8c811a224C36,2.1389780111905006e+19
0x761892B06eCb4bFc7d67B610b9f6c8072E8Ada17,2.1345495822853587e+19
0xb8C1F1d5aff4Dd487371DDfC61a8fAE01d8A3F0c,21298632255464039124
0x5F723856AC7E6f6292473730449E79F483909867,2.117827595177695e+19
0x53F1dc04587aF2f5f36E0D4B49c9Ab547804C479,2.108953835780904e+19
0x1F634D48fd9fC9e6a9c27c19d28679cEC64BE963,21039792938922044905
0x3Bc38cF794ca4f823d74bccDb05dB79496e292d3,2.094215252888207e+19
0x5E7969CE2165421D73025f232C9F990eB8746ea3,2.072813702759213e+19
0xe0ea552A13303bBFc1f6A9F1AC8985A6d834fc61,2.0127788011583353e+19
0xcAF5a7db46E25b60af154601bb9669fb4AFA81aF,2.0122208611223454e+19
0x3738fD47290d36c1E2Bf3e0e21b642D66AdCE040,20057821512069724354
0xeDE1D96DE24A6DA0371eBfa93E0BB6aBe71c56F0,2e+19
0xEF989Ef6873e06C3Fd71c9e7c913A7512B824eC4,1.963993806693691e+19
0x8Cd9F9C08C6a3f891Bc570f1D6a3dc91C1F62Bb0,19619564749163468513
0xD64d9F5B9050a634ef9D0089d22766a36Ca8a2AA,1.934814003634888e+19
0x224A95e6B1920A272C8D6FC9a55044D2F5EBF075,1.9071119083121574e+19
0x6b865866D3dc3C46794393485724cf7D4eA8e6c5,1.8969490605638164e+19
0x7F825692DfaE7107D16Bf4E2071Fe06B1bC72297,1.8785528389920285e+19
0xCAE2D5AeD9F5E0075D49A4B5f492b4A73a64DC25,1.8427892159163587e+19
0xD71E16C95b4B7bddBA3cc1Fa678Bf1B4964E16F8,1.837514806890411e+19
0x705415B435751eCc1793A1071F8Ac9c2D8bfeE87,1.835384152444047e+19
0x88b617d618e3391e8507cFBe3906c20cfC72B43d,1.8340077042102045e+19
0x0ad59C344359Fdf8472E7FFbf4eB6AF4751138DA,1.828054172826564e+19
0x9fd86d2a6C0a8aC88d2c8a165EbE72BD655940FD,18009541485718732905
0xE472BA5BB03088224b688afcFd0e4a564a369c73,17920000000000000000
0x90aBCf1598ed3077861bCFb3B11EFcd1D7277223,17902239257456469563
0x805197344c4f5d990cFBc23E032631AeF0a6987A,1.7592766699274473e+19
0xd58C9520EA960Ea7F05B23F127C40553F27c7c04,17500000000000000000
0x2fD1fd25eE243103179bd046777928b0f4882E1A,17463547010282872725
0x57B72884D3f1D07A67db8Aaaf119B681aa154f15,1.6966166382717618e+19
0x05CCF46673Ab0BE3Da43e847CF2438B6476fA1d0,1.689742921075089e+19
0x26C643B9cF7FFC2b5EEf5FBC926496E5E7F54407,16778728808005337245
0xE1e3d5b46E541aE6001E324448228f6D976C1E21,16731761114207061617
0x67a4Fa7b9a44615FC08d06f63827d896c44220c1,1.6681972066916762e+19
0x596888345c9e3c6F7d0F4E5d8590941E2CAb52e8,1.6576402718549813e+19
0xf13D35006e8a5d104aFD004923ec4754A91Cf1E2,16439406035317251585
0x13b37d355CdF1EACefa26a56d6C754dDd0c9e699,1.642998042499761e+19
0x1B9Eca82A32003c5dCeE147d619F480052728650,16273900645219149083
0xEB8751300897F587e373e3867167ddcFa7e5c6e0,1.6250804512698331e+19
0xc5ff53779D377d4468b7B268bd6Ad70a82eF8cC3,15667225029221112822
0x18b3eeDadC9A4a6d35905D4A416DfFF239F067d5,15490733106410237732
0x3982fA9593379D5714D5A3FAeceC1408Cc907Eb2,15489969820782202675
0x18C2d4D638B8A53a9cFBe22b4aB67B66B4c7DfDE,15283635090561955416
0xdB0db7bF65F3f6e6909a02f7f34aD0f669E5EC9E,1.5116659881693612e+19
0xC0793466f60f343f6C98183AE41eC6190Cfa94cd,15058181612841703275
0xB74781fc541e077db2D79Cf1998785Be597Bae2C,1.4892319834405497e+19
0xF0bBfB6B0D222E0D065538546d20302298752446,1.4874370722112346e+19
0x9BCeE25fcf7512500272520e4e396ED80C3dea14,1.4797920502992509e+19
0x5be28e441F325D8B005839fD69695884f11da063,1.460482397041897e+19
0x8FC8551dd5E2Dc5d2B04f2957E543D7d53a79f1e,14355373146433499091
0x3379536969a63467a85600F8FaB93D1fAA22b731,1.418773601300742e+19
0xaAF127b62Fc19ebf956C139463530f8Af2cE5A4B,1.4112346849479635e+19
0x3b138FC7eC06B2A44565994CfDe5134A75915995,1.4018384877819951e+19
0x0267940D1897b150Ac9601Ef00D0E38a5fdA3011,13985996775409686152
0xf64F5Cc7C5f85aEBb3244959422d25FE52D9d2F0,13975882349619132733
0xEa469D5e049074b40e9Cbd3e554837abC00899a8,1.395729101955357e+19
0x5c4cC2a927FBAFC7D2b59eFc78e8D86B726c6F3e,13874367694557733091
0x0DB3af39d0ce8C9CFBD0A82B391acEb79EDF17B8,1.386664496902221e+19
0xA216b61b2195f2d90a01902C36F51e80cC48d818,13631631570826196397
0x3783119553a0461A2ecCF6097da901E064baB2b8,1.3525240678902694e+19
0x68b18d388994336F341B4997360bb45f9f8701c9,1.32449061033659e+19
0xF309921083CdaEB3758Bc8c24a4156eDfA64ca2F,1.2989901976634421e+19
0xb0e83C2D71A991017e0116d58c5765Abc57384af,1.2931968275901567e+19
0x421312c8e8Cb7bf137EA430d235EAa391452fa7c,1.274812325084175e+19
0x4315Ed306e03192867b1799E4C0895A4cD9D82D4,1.2547823989201195e+19
0xc7558c1c9D5EeC56C6C4f823819762B6Ae424eDe,1.2419143569091764e+19
0x350fDB5Fd434dBa802b41D3F192C46495085EA53,1.238303824309576e+19
0xdb49ffacd062907e0777831502d1A73AfC209Dd5,1.226563552618401e+19
0x82e6ACB81e8f091bd1e4975bAEE900e23dAA0D29,1.1962941765111085e+19
0x2e8644F4228A45faD89aF864830DfbFf309246de,1.1836869357514627e+19
0xfC67418ff4fFb7F39769587bFD425D750B9f0663,1.1805628713062433e+19
0x412C8dc906e72736a015bd49b4e86971422E6C2C,1.17975664182355e+19
0xb0e3F1C86bcb05feF30b5082DA5E50e041Dc154A,1.1785725613825636e+19
0xebFe65b40A155350FD5F1Af092b7B00Ffc6ECBCD,1.1770310474991028e+19
0x2a27701Cc0b411805617ad9C130Ae9D488073136,1.1759664560286218e+19
0x2Bf9De743a2E87fFc27D444BfA47ed8e9d238Ebf,1.172724045196338e+19
0x03886228BB749eEBA43426D2D6B70eba472F4876,1.1633012090413218e+19
0x3C7B07018499A4ECF1562F4f632Dd2e0530058CE,1.1499466612546585e+19
0x0429C8D18b916dFFa9d3Ac0bC56D34D9014456ef,1.1388933530294661e+19
0x18F37350b7A64deA310d397D926c1751f67c9Da2,1.13765400385548e+19
0x8f9bE4310f9AbB0E5843Cc6363908C9B01dfeB3F,1.1347385449074442e+19
0xE4012A6392527d6e24df2B90B56c3fdb3F5598be,11301995446585575731
0x3aE67a9cFAddaC5d8434dF5C96c3e42E163f46e1,1.124526209918136e+19
0x32a59b87352e980dD6aB1bAF462696D28e63525D,1.1210689000599646e+19
0x1f36Fe3742Bf1146b319B9B3Fa67f4dd2cf3512E,11189134909130402465
0xE60558A226e1241245503727EB5B05CC49c0d440,10789509596594244168
0x8cF22c8a4Bf2c7eA503B74DF2B9306c71B4d0e81,1.069449384916128e+19
0xFe4C271C1043967126E956Dbf622dbB136Ca241B,1.068218468095771e+19
0x7d4c4d5380Ca2F9C7A091bb622B80613da7Eae8C,1.0615539315298497e+19
0x3a434E65ED0199e3a79863FD5017C3178AEFCe7d,1.0558586776974127e+19
0xef9af587682D092d8D3C7341bfd7c10D9B7CFD65,10544064700765002128
0xC555347d2b369B074be94fE6F7Ae9Ab43966B884,1.0519962926403525e+19
0xB203df26AF3666f4214661f7f903C46EDF9403b0,1.0449610611469517e+19
0xf984B471EbB8ec3dc56153b0D4369b0556d87345,10437570713176813714
0x8c4aB4eeF7742229f55B73Db307D489b216EDdf7,1.037774648802938e+19
0x4aec6D11300D572C2A2d1bd86e5496dd80244a09,10377557501841529221
0x96efB884224B41B09Cfd6F4a06F9E35E59DD69b4,10349698829064665884
0x27B3e3884C9950438eFC4a1fAe92fE68Ba30fa47,1.0255271029118343e+19
0xC292b9A5D77A4b4A75310Cd3a5C5C15bf97eEE48,1.0156432220835547e+19
0xE0f2485f2F537996FC8774F19d7BB0CC5408f458,1.0055499483058194e+19
0x4A309866D288F5bcc0F4AEA449F2E176CEF976aA,1.0020315466537896e+19
0x01A45F7fbf7453092e49B6db137568F9cfAB8ead,10000000000000000000
0xa241DA8db6Aaaa14217f3F980270542f4415525C,10000000000000000000
0x914ebffCbd9AD6a35286c1B269E6310e345E42DC,10000000000000000000
0x69237a1eF4BDA4b5be2d7bbFC8a1Efd9610Ede91,10000000000000000000
0x541959881e4766125980F24F8b2F89405b249Df9,9984833252283779346
0x9b616Ac1D31F17Be9B23560d93699cA7732e2808,9.883438467937489e+18
0xc58Fc00860796FAde2EAB9E5b761F4855374cD39,9.84106686015445e+18
0x14fd7D24eBF81196dfd6d3AF740D5024071859f8,9.591543351356e+18
0x431b5DDB0AcE97eBC3d936403ea25831BaD832B6,9.474355455065182e+18
0x34369DD9da1cddcC0a23838cE8DC341EA56F8C84,9.434281779832867e+18
0xA3cD64907c3e707261A07BFfA91bAd0bE5D88C3D,9.403272259727151e+18
0xDB611d682cb1ad72fcBACd944a8a6e2606a6d158,9.36032635459887e+18
0x4d9FEd7aF38C4691E992D5d6396D8b2fC773fC99,9.320177798754382e+18
0x017252042524Df387A7ed994d41D7bDe44f4670A,9.206205563010534e+18
0x9416807a4000239367E71E84Bd1A9C580d61E7a8,9.169343407851885e+18
0xC7100Ec41a46a862EbD5a52415BddB785A526702,9.117302781934642e+18
0x5560d14b323f15d8D3463e790B5628bee9F99162,8.817287118161154e+18
0xc956e70bCC830C8312090ba6882fcA9A88440c08,8668584118401135324
0xc1b52456b341f567dFC0Ee51Cae40d35F507129E,8.637039347170587e+18
0x623c050C4F99FDf377FED46dF017b27cC4F77A2e,8.5479965112512e+18
0xCC7CC2e94273e694998ba0B3C80306cf031aedB7,8.469738967359566e+18
0x837418516C2ddac24ca71DF021101c2ad699f5dd,8404005788371596827
0x09528b6c6fC792EFF0C70563c9b4C4c6E38DA61D,8188704761567682868
0x4ABc33CF81e0d21f42168d044f7002eDd6b80B09,8.173225026741337e+18
0xc44F892AdcF007ca07226F7Eaf65959D86730cbD,8150089074962007957
0x465623b2cE74e0eB844C382D76a900C32566c46B,8100740145073898075
0xBBd46439aD25F9b04Ad0103d655323A9fe9952aF,8092361139979602067
0x02A0f1a59940DdDB35A38327e93D7abB49E285b1,8.048020184912562e+18
0xa36686c1DC37d7A4191bFB36e4c7fD40a00dcA89,7.973094745113694e+18
0xA39a3fBC064F102273Fe32960d1Bb518E63bFb1B,7.950342382596179e+18
0x5Dac9ccC215b9Af65B486066786F79d9aa0043Da,7.904495742012178e+18
0x72094AE12040C1d4fEE151Bbe4b3322FB6502E56,7875824210890693002
0x6DAbeb7E81B6D9CC89e3ea1a4eC82612104F0B7a,7.816284987450118e+18
0x043bd8f57401E46a5da19545FfB50370202CC179,7.811856370681519e+18
0x2FF538156d5940B4FEbDC99a5F0C56e0cCd04794,7536786747927377486
0x6f3C3143f5dF9C93Be933622308D1adD37AA8D63,7459258853191522925
0x002864Fd7534ba0Ae0ddf2f86236857F02313d08,7.42394493312974e+18
0x5B56DF91f22e913911a7e33832Cd6AC129d3b127,7331904245303317940
0xF030938b2781E719DB6b1e1eD85e40b62419b7Ca,7281834809373035374
0xa7212284FC634dF148B7037244F904E487EF8251,7.224078149348761e+18
0xDcf231d20d0061885DbAa310c9dB6F97A5bfD175,7.051990126366376e+18
0x5127C8d44aFfC893f7cc169091f74CEa1FA4F6Cb,6.996933169822535e+18
0xFEaf6d29CE483e90320d06E2FFa9c9390E526d2D,6.99376769105481e+18
0x2A5BCB2e036D641293ecfDa901A8259d0c9bcD9b,6974231359379704938
0xEF89060245FA4b73500891A6FBb33fAc60D0458a,6.971821651937228e+18
0xFC902A0eb16161901a91368cabD9B5005555a162,6.951238924136605e+18
0x943e78B83d7B235be351a10491F92a0a7c4eC245,6.933404018042228e+18
0x0B25F3Ff4ABde04141e0cb03948df95D7FA90220,6.933322484511105e+18
0x5276cA25240a4dA5Da0D2d8dD2ff8A4A7B482119,6821916062086915273
0x6F5416D56b7f67A6eCf48FC1899F8A1CAd07Eb55,6805640196073655253
0xDcE62b21A8B1A9b39dD3ded27C876d416CC91B3e,6.803546283137671e+18
0xeb61C8837e820767CE6155865818F0d2Cb182188,6.769707213937547e+18
0x93ab7a2cb805A3d0defbfD8D45795e30117D3E4A,6.622848452162022e+18
0xbC21D2d3bB07304609F9E26459E6a042B5B638Be,6.612852379534611e+18
0x6ab791754298D6D6d7C182DC1572126B4eD24897,6.607620709765894e+18
0xBE0132878F400Dc1de1eE6E1D3428a6c3C404d0F,6.593630342843642e+18
0x0798540EE03a8c2E68Cef19C56d1FAa86271d5cf,6441467256559199015
0x24D95663Afc6D5895eeC5bC017198a61df803D1c,6438947970965156826
0xF7B10D603907658F690Da534E9b7dbC4dAB3E2D6,6.398533456526391e+18
0x1a9836F6Dcc253332eE707Bd9808aB3d79d973D5,6364547884884821478
0x2B6a3c3285f40056A27F3d61B57Fc36BFde2eCCc,6270569014661916538
0xBD1f7d88C76A86C60d41bDDD4819fAe404e7151E,6.23110308542526e+18
0x5a6Fb34368641028fF89AE5F65957B06E74df575,6226942729452527001
0xD9A04C14C31Be4f764b111d0B147Bb332FBC2Fbc,6.215708440242279e+18
0x64304C3a25F291c4BB0Da4357BD29Aa9dA765a1A,6183263013335483090
0x7dfa592290a32CFc3aC34011732E70D445Ffe1Ba,6.131767323905837e+18
0x2eF869f0350B57d53478d701e3fee529Bc911c75,6.121598052058955e+18
0x489C3a5a88Cb73fcAbdF63e76858a24F2dbbC84d,6078478619665273879
0x52B231a6E448cab9bB88B4B7950482073E1C7e17,6.040996285680978e+18
0x73D50aD87E4DCF5E67642676857daDe81D51dd29,6000000000000000000
0xAAD06a4385f4797C69633bD2d16e0Bd31dd7232e,5.980228601639576e+18
0x08896945c5BD65CC8C216e7EfD6969b9CC306eD5,5973696694201279409
0xae14618384C4Dc921619A88c5f937b69f5c0DF04,5.925655018604984e+18
0x70d327c575Cc7d6F01Dc119c7173a41DB38A57e3,5.889402507289036e+18
0x56FaFc37C8551C1f7a044F9541D02b62C4179e98,5.768512564005522e+18
0xcB968B96Ef5eA185168d520570f67cBd39487f21,5.745292723585671e+18
0x472FeA0749ba536aF63300fC7644A6129C958830,5690367950239476591
0xd5400fbD57Be428aE186CdE13f5ce70B3199c7fb,5633852250209594066
0x6014ba1E29605Cdd33d5d95c01B79275aA494bE9,5.558245167140333e+18
0xeD7e736851Bc65967A65cf1134300C27F39b7648,5.546657987608884e+18
0x09788B321088953f180Bc41FD6107539820F8b03,5.546657987608884e+18
0x896b94f4f27f12369698C302e2049cAe86936BbB,5.453009805466246e+18
0xaf07e85591Dc02A6E54604b4313CF2f92f27174F,5.256189101110365e+18
0x6d0BBe84eBa47434a0004fc65797B87eF1C913b7,5.218893870738535e+18
0x232869EAbBcEDcAD9c1D8e4617Bc218962cFb79B,5212020421549400292
0x031c7807637ECEC27d158Bd4156C954e682a2f54,5.178167761034385e+18
0xCba1A275e2D858EcffaF7a87F606f74B719a8A93,5.127131588507344e+18
0x288319B17e68F1762795e26AC5F1c40fcBC46f78,5.122634882001242e+18
0x33Ec0e01E2dd454D658E3ae748779F390024A5Cd,5.102650044206799e+18
0xdCc9327dFB43f4d224DD57aCA7470EaB5e386e83,5054105809119532811
0x450Cf20323733EA1ba31357Cc129BD7dA188Cc68,5.047083235660997e+18
0x96832d7d0dB5E1114CdEbDBfC294801371Ce1695,5000000000000000000
0x52777F6C8B6EdaCDa548a6eb2242a0723Cde6AE6,5000000000000000000
0x09A1F835e07DeDbf412c81f2584e6eDA64014F97,5000000000000000000
0x176666F850821DA76Ed9A7db9bAdBcc827985354,5000000000000000000
0x374F5FA69b977964D5242C95Cd2D31db663BdDF0,4.92353273201266e+18
0xC327F2f6C5Df87673E6E12e674bA26654A25a7B5,4.896860710893721e+18
0x5802aAf121fb77530d8190cbcbda4ac8451C47aa,4.853325739157773e+18
0xD4a273847842585e24c1593cC12ddE8A382142A2,4.847232138673324e+18
0x6692735165E06b1555A4117226e9C39A34af7F44,4.761837991139579e+18
0xef628C724AD2843d12E060f0A5Da00403e77Ed6D,4.712587363921607e+18
0x29687E2a2b38bbc1f4f9069f1f24F13a3c83d27D,4.625014956853446e+18
0xdd707832c4B38ac00a92AF1cdD778629525ac9eD,4.599236141319895e+18
0xe650F9aaB466d5ED5a66f6D635233DC238d485e2,4567764207338445318
0xA7231cb45387FcD209C28B63CB4c506EDf2D2928,4.564887285393392e+18
0x021DaEE385Bd0AcB6D72C05b03ABC1Bc81f64970,4533592836144436913
0x01f002740821E47fC6eB38F2ba168D3e47D064f1,4521362670884922241
0x983F69b28F59Bec7c166b9d61fFc7B37De9B303e,4519223957874412001
0x11eDedebF63bef0ea2d2D071bdF88F71543ec6fB,4470324780591176200
0xdD01596074fa8e2A2f84D10D89090aE4543EA20b,4330290952074538349
0x56baB4262C59913f47457FDe4dD7a929613Bbcd3,4.268306795674567e+18
0x1eEf72d19aA6Dc2c78E1AE16D9eE2909B5EB7B34,4200092906463799222
0xd12226Ca8D31429beBF35D01dF2505eE1d3ee423,4186542232325910479
0xca41845B726f1A019B5d243415D153469c117CcD,4.161580952479156e+18
0x3dDA89a9B3960E85a40DB64a32CB5dEF8427B7Dd,4.159993490706663e+18
0x451248229712D6F207ff9466d8D3A33CB59d103c,4.159993490706663e+18
0x3caA37c9c1C7cbc2259BC4cb28d180Afd87a736B,4.159993490706663e+18
0xB4E6ECE7cAFF7524dB772F5541210fB12b9091fc,4131823356145581865
0x0d24951c51d657D6EC04984b82A1036a3A6BC491,4.1130855307225334e+18
0xB81d7892fa8605a55885592E5c78a294754d272a,4.0549888508107643e+18
0x54061cb4c0f5D5F4b36E48f189C3986d6A22Ad5f,4.051283819138564e+18
0x7577b461b9f030c17FC23F31517FB7101636F09D,4000000000000000000
0x00aDfc500b3E41eE753CD0F111860015c90b723b,4000000000000000000
0x0f7b970FD9733E64bB4850268039F0804bb7c7B6,4000000000000000000
0x73849dd5790F29bdAC8502760602e4360bB6bC1e,3.9637888401692544e+18
0xFCba85877f8C8dedDBb225935Af7eea50d84Da90,3919781170242900776
0x7E8e66E8834F762077dEeC97F792d83092EBE431,3.91194178929445e+18
0x6bB8Bc41E668B7c8eF3850486C9455B5C86830b3,3.872659969835832e+18
0x037dFD569DeFBC08aE28001159b4c49f6d006cfF,3.847249673675164e+18
0xe6389dcd306389a67AC813c7c54Ae3bf9C8040c4,3834272222361364954
0x538A3b8843567022311EE39Aa83108bAB5F9D571,3821774243973752210
0xf2a4cF14022617C8c167bC0E536B9fc08C49f8C3,3.785305666313966e+18
0xcD79272e57a870c0b1f69a8C840244364C4a0260,3.690632579309227e+18
0x210E6b882a8cd5DAdA9883937D00e5e803315bBB,3659141751398565943
0x48E26c4cB9F4A946e44aDDC11B23b2938F17158b,3.620202749850141e+18
0xD307EaB1990Beafd0647396830b1138ca3574d4e,3.5748420623344563e+18
0x1309df760d05A7E9BA396d9A6f8dD4305C4D25bf,3560462731754602652
0xDe6b2a06407575B98724818445178C1f5fD53361,3511304586942527388
0xdF0203ccF5a1cAee0b0ab27DB88613A2DA3237F3,3.490125358851142e+18
0x055622A2fdA7d6F3B813ADCc70A32203e2EaBc58,3.400527117898226e+18
0x446087A1439a10889ebC124aBD2E2761370BC848,3.3946154224114186e+18
0x7A3EdeFf81E0c50260cC9c87b10D7cD14855C273,3.386664496902221e+18
0x703F198d4c60328eD9708347F81aeCB42Fd906E1,3374696325112142938
0xCb926F497763eA5CF993912A442431E6a91d5A64,3306763591666747558
0x52E38021B95068264C3b71159Fc29517E4D1FAF1,3.290340913727973e+18
0x1d6978D76Ad9e3E4A0bdA4658B068443D2A3fCf4,3259160440813408228
0x5b82D74307d75Fde3A5Da2cdfEB60ED60430f2A8,3.248981790543623e+18
0x2602cda64237b42a8c90c33bD7074EdD1f4c0707,3.122356272982429e+18
0xaD5116D1f9F3D2816935b0Df95a58750745eB308,3116714375220833650
0xA8784e412f205215962eB33ECfbb733282C9a645,3070067597676871738
0xf8dd3496bB777ADe83efc74d3Fb313168d34a658,3063903876419574397
0x2Bcb9B6927333D6c078500a7c6E546B209Eca3FF,3.04277482866025e+18
0xf527726378d7e10E1E322d1E22a06A8263d64544,3.033833484560614e+18
0x19Fa5828b99C82172FC48D282F1194FDe0B67783,3000000000000000000
0x243a114c99991972AB3a757f4B3Fb8cc5ee571ad,3000000000000000000
0x66b19A1241FD54fE74dD8E40B7df8C419492e423,3000000000000000000
0xA572e779Bb62de2AFA116E8A4283aC84a3149bC9,3000000000000000000
0xD4C8127AF1dE3Ebf8AB7449aac0fd892b70f3b45,3000000000000000000
0x2383BCb9033FdaF4979225Eb33DFd96b83c9538D,3000000000000000000
0x2B6C7e127a5f799587B0F9B4393D62B26Cf85c95,2.999139585098796e+18
0x9aE9B4eadB0f02ac778Ad3861A1a0190dc82F0A5,2980976717687727659
0x8A1440926ED7B7E8FBBb9F735F3B8e0433Cca61B,2.954467355150146e+18
0x5e7Ebd5521E724BB4C7eA8663B71d64625Bf6b4C,2.9279443358247767e+18
0xbB02a56c7127EdCBd7Ce52EbAEfE44260972b4b3,2.901943289065536e+18
0xdde7F25F8422d307dD9FcEA4eDF4EFBE50019bdf,2.8750869648707866e+18
0x9E5e2DEcdc9B5b6998c1bf1C0C10F56Cf6df6f00,2867722335073827149
0x56874FE3F49f552Ed6E7765783c02D70EC3Ba0dB,2809400752239518086
0x9b3A06C806ea15544eE5E2929C47Db633ce04261,2792311233432483641
0xc7ce0f27A7397C37Bc0B0Be276C14887f6c697FF,2.782312146689202e+18
0xb207F849049657eAF248587097f84a2E41e95085,2.773397711388934e+18
0x6deb3e840307b093fe44B4DBc069c2AB6dE58657,2.773328993804442e+18
0xB23bF2b33eB8036EE3c507dB5ef2F744b09eA76c,2.773328993804442e+18
0x9aac6ce7E8E382857C4D24ef56651C56c58BBbD4,2.773328993804442e+18
0x4C24c2c3DC7FA0fa3203d92003D5d94b915Cfb1C,2.773328993804442e+18
0xa7Dcc417c63F24F9073b667A5d7149bD38463d0F,2.773328993804442e+18
0x01228D70A0980d85a103d9a753707104757f69bC,2.773328993804442e+18
0xC838FEA39474593adC1465B27982A6B4824313bC,2.773328993804442e+18
0x6f4699f83c9fA326a84391c6D1a457537C1B787a,2.773328993804442e+18
0xE33C11736DE53CAcac493e2712dF3E111f95281D,2.773328993804442e+18
0x6941f1db178b46CeB547c724394da63f2b351463,2.773328993804442e+18
0x6330a16d534B620831c1a26C551dBC5F896a692E,2.773328993804442e+18
0x51FDb3422B2C33dCe1014654A4A745e85c763F3B,2.773328993804442e+18
0x7165ac4008c3603AfE432787419eB61B3a2CEe8B,2.773328993804442e+18
0x13Ec7838df92dc8CFCdbeD49cEc535FdAD9E124b,2.773328993804442e+18
0x0cF042E45Fc7ac48EBA5b9A6C2AD09266f3E01DB,2.754886913757381e+18
0x9f499a7b3E279674115804319E8CEeF40a4c76C4,2.754886913757381e+18
0x76Da9F88e63a85Ba8BFA19F3821D5A271753D3dc,2.738658447934295e+18
0x41BE55d91FD8B7CE3497eff6581fbE4835392CAe,2.72202554611709e+18
0x8C6B0B222003b17105e628a930cCB672716e2D3F,2.7214185132550687e+18
0x20c7593BCf04BDcF0376B49cc6F99C67b71F9D27,2.6896853284562335e+18
0xC9341295fd754D829a5B5f272F644A257042323c,2.6896853284562335e+18
0xe47fCB24D9D7560479FBEa61c1B7820c2961fDC4,2.6896853284562335e+18
0x18f768455E7f5fB09fC491fd86bcc282BcDD5973,2.6896853284562335e+18
0xd2B41B2209de76ed2B6224e9204248d055ee20c8,2.6892511557494216e+18
0x35F115dCb8f52c9fBD8d025cb2dDC1E1e2dC4357,2.663643007410636e+18
0x85c5489F74FE5000fF0701535D9Ec8eF49dfe704,2648952174031872256
0xC1dCBC09122fa7c1CA1111247Ae34D37cD352D33,2631582134171133284
0x996290C17C874d989D6E3DB7dC0b2ef0A9FB876D,2.625713685695479e+18
0xcA968044EffFf14Bee263CA6Af3b9823f1968f37,2.617250145922051e+18
0x25B28EE7f335F0396f41f129039F1583345B21b8,2.617250145922051e+18
0x5f56e5ade609d0869351BD43b768568Bc690c6F9,2.614255233648973e+18
0x53cf707eF11cD213D8f1710996C22049a45B8215,2604537086045501293
0x7faA8db283ED81B3A9C7F55Ba9179A751549a75A,2594533932831756992
0x4b644be0C25FE19D95943937a4d1AE1156772d45,2.5923842975181353e+18
0xF3D9281fa183B74F32B96E1c5244596045f4edE8,2.5770449859243264e+18
0x1b1a26124380a728608859B0624D7f038Db66E2E,2566598033573986139
0xdc6B04B4e40fDe7c0e9ee1171F913FebDbB4b88B,2.561317441000621e+18
0xe491A402Bd17c481711e0a3D3cda61d9462E43b6,2542259413807097742
0x1bd32Fd4e18BE5f7b5D185F0713d258FB5E35Cd1,2518056307932048174
0x8ca964e7dBa52DeB032a3Fd99740bD100058a77C,2.4653033413322604e+18
0x4B9CCE0e6c7ABE8a3c26f513c06517F667b3d36a,2.4590712980624824e+18
0xA934585f2F15B813E61321754AC7247FeD11D4dD,2.440123632933186e+18
0x6b3a6c9baED8BE4649b4E6f6867b3580265C78dE,2434404303477208640
0x8F6DA831710A8d30De1111AAF28C697AAF5056dD,2401072969342510038
0x59Cea2343eFf2e6CFDe4D15Bd805FDEf21975294,2384353120193491918
0xac0F1af3B5439d0954E83eDe9B7C4A0772178217,2370996679121511714
0x7C78e30dD716443fE51b9746799AfD2D006dB8Ff,2362808225852410147
0x2A7Cdb289c1481d9cbF2D6c08CC478C6380C4141,2.2838947778679204e+18
0x140497faB6487d83d432e5993008cB568cb3Dc96,2276876304324651233
0xE7CC110e0a44FdD3cdA0Cc6607A1c40c2a4058c9,2256702378212186699
0x81D98c8fdA0410ee3e9D7586cB949cD19FA4cf38,2.2186631950435538e+18
0x0413c7dfE35969EAdCa36ae318cF4d3E39577078,2210648373372167313
0x6dc88B231Cd04Dd1b1e525161162993F47140006,2.1991235749900296e+18
0x4af918825059066c10783B70d97d47EA0a373955,2.1833685722301683e+18
0xc437Fc2272Ec6BAaBC530D2855A3cc24Bddf37b0,2.162537198742198e+18
0x9265d86F15445Db91118B426fcf1dA4a70D27B61,2.1471806940327841e+18
0xa1feaF41d843d53d0F6bEd86a8cF592cE21C409e,2123536129747146127
0xe7a4B75f1cF09DaC63062F20c4D8E7684d954319,2107057064095585511
0x73b582B1E12a292DD3c1138aaa330D893F33C71b,2102768855810424274
0x79afbd4B5606EFaB1ea25315734E035D92328be7,2.0823482877884572e+18
0xC5d3437e36E3aAc16DFf77f1Bd46577044CD2CfD,2.0806346178978217e+18
0xd9C979116848037Db5cD619ADb3473775aE32407,2.0799967453533315e+18
0x7088C5611dAE159A640d940cde0a3221a4af8896,2063324048528974073
0x9Fa0C72188b3ea38E411Cca0A208f30419D71cF6,2055528624603690433
0x028Bf0e4d1c856D45DF77b135E5083E46fe99678,2.0351270146541673e+18
0x7827b605b08dB3F80a24dA6e725E98191B7185db,2018571363442452891
0x091b76f437A4dE41457B4D89545EA34c16cAbeB8,2004186719431334507
0x441f5e84ceF98fA9EEcE04A89169e8773BCadcde,2000332374572280694
0x334CE923420ff1aA4f272e92BF68013D092aE7B4,2000000000000000000
0x875E19c6eD245aF631020F39B9a2A02500fAC8Fb,2000000000000000000
0x8dfA04ca0720fEBc29e77ff89C2E744fCAF69113,2000000000000000000
0x1FC432eB5e873A12E909Da65ad9E14be05F1139B,2000000000000000000
0x80d6b71F50E26a7d9d41Be77016bC3B8Cf05c729,2000000000000000000
0x066D4d13c5Bc10E14e30E862471772Aa7D23B4f1,2000000000000000000
0xEcc216a3787D17aA2AfbFf58E68593DDd1885C94,2000000000000000000
0x21515f765b58BB110f68135F4A49cCd2D8a63Bba,2000000000000000000
0xaC6d5c44C7A089101c53735211B12f5f722c7688,2000000000000000000
0x3Fd1DdF28f604CFe5FEFA3adc38e38BE2F7208d6,2000000000000000000
0xc798Ad9E682fCe49c5bD5d177CDE951Eeb731c51,2000000000000000000
0xef5BdDa446e3031871A4EADC44ec1B79d5fcd806,2000000000000000000
0x395d48020EF5e29168706e16258db6c6c4D7d317,2000000000000000000
0x4E60bE84870FE6AE350B563A121042396Abe1eaF,2000000000000000000
0x58D0F94716224217fAaAb820e9CdE976fbcC5798,2000000000000000000
0xcb9100dd18e9ed2bCeCa0eBB0a4a3B2bC035E47d,2000000000000000000
0xF4dE4067706fEb9d81518812d41A1542b3C36Bc5,2000000000000000000
0xcAF5FaBBD6Cc02a12B6Cdcc29938e73cF103e6df,2000000000000000000
0x7D04496628da79b10bd336117C7dFB4b6dF6BF7B,2000000000000000000
0xAC60913f8E9821E9006507b05E1956f5A82749c1,2000000000000000000
0x348C760152550f49E3fD86f3f8476c612f984D27,2000000000000000000
0x29FACEEc357d9747Fdc909908332007868cb0380,2000000000000000000
0x8555D9B2e460be3CeC528C5DFE031F5579d0D701,2000000000000000000
0x43039Ca8f2Bf2030777c03e89eEc5FcfA6a8d1E6,2000000000000000000
0x52dd13e620A35E7188413b67e12534BcEF71764D,2000000000000000000
0x2C4f6Efbd532fE31Af2ec4c343cB33ca74eB312c,2000000000000000000
0xD69Bc49879dA4a74adBfcf46388127FaD28f1fE4,2000000000000000000
0x617c7E836D1633F5bb84663Fc60adB4D2F43F436,2000000000000000000
0x34bD386Cd32455582DE2229D4C2C77B8aa174794,2000000000000000000
0x90AA911e07c9D64db5A8c9C654EC3c07774A97Db,2000000000000000000
0x971AAf9A24Feeb6eDa62e4F39437552af19B2171,2000000000000000000
0xc9196Dccf17053c4EAaF7Db726b8bb65bF70E38A,2000000000000000000
0xA7ea76E26e48b3F6D0dFd9942FE58b6538fdbc9e,2000000000000000000
0x152b8c153E4F18bFE1CB3F2eAa563813c758e279,2000000000000000000
0x50Ee82D45C5aB8Ef0857cEf435eD058fa7A1E70c,2000000000000000000
0x1dF428833f2C9FB1eF098754e5D710432450d706,2000000000000000000
0xA8DEFb2E1fe760f02f39E3D07A2BA0605fD8eb28,2000000000000000000
0xBC1aA5ac8e750C28d6020c0aE99619E4C02A5f5A,2000000000000000000
0x1634Ca655f647B72CA370eFD3ea2ABDc762c7441,2000000000000000000
0x5A825C64df9DEe1E35Fe9041CA8D69509414C4a7,2000000000000000000
0x92e74E50edCE4573d181C03cA889f72640cD3a94,2000000000000000000
0x42DbF634c256acd17beDDC1330488F1BEa7B8BDf,2000000000000000000
0xF92660595bBf1C76071f262e186bd2182815c613,2000000000000000000
0x89F28Bc8faecAA7B1523532372f30EdCB11Cf3be,2000000000000000000
0x4F50d47D20380172746527bbeAa274940C38EFAC,2000000000000000000
0xE335eA94352a4D9280Aef9232B3762c5234380d6,2000000000000000000
0xA36bC7a60d3A6F8a64e06dE99650cF6EE3d3df9f,2000000000000000000
0x344651A2445484bd2928eB46D2610DaaC1B42A66,2000000000000000000
0x7760848E31e1C8610bF55Fcd9345fEe8e10884b6,2000000000000000000
0x18842D30863C114E4C6986db4E42FD910D68E034,2000000000000000000
0x9E6bFf429763995B8F488b4Af651cc40cDb88b6d,2000000000000000000
0x34451e06B1E1d89D1Bd19C7F2c5296e3471dFb52,1992240307422936316
0xB12B77BBd3b169379FfDeBcAFd85306E2c66CE1b,1990000000000000000
0x7FeD3cfAd6C36374a9F8DF4fE9635F844A7076c6,1986854526624631263
0xdc3B2DCE95eBd1E7C18eAa37780D10d240146660,1944881868378697267
0x4d9938FA061493eD5e6EF842e03C58B973128129,1.9395277595896745e+18
0x68575571E75D2CfA4222e0F8E7053F056EB91d6C,1.9275838636934584e+18
0xAd8771aB5C02c5E7Bee612D67Aad5f938120E1d5,1.903989946299472e+18
0x8C38bBc1cF57a2e31e2c73aB3a863F88EAB885cb,1.8809671690796419e+18
0xaF297deC752c909092A117A932A8cA4AaaFF9795,1856126547739838240
0x7608Ae02B28232F564D9018783A56a98Fe5038B0,1854761249882371435
0xD21555d17B1daa67Ca767276B880A9f6F7195981,1.8474181943940324e+18
0xFE52D0d2E8ee6Ba5d5c98773A2Df1fa64ecCCCD1,1.8419876444118835e+18
0x636068b2a36d6eFeE42690c5Bb637Dd196a95e39,1836502042809849361
0x0873ADD2E55ea989013Ec7011aCC0684014390a0,1814216721591724924
0x4808978660F6565Ab4cE0f494C5018653851fe9F,1801463018938541257
0xa00B3D6b6A7200DF011BB62b2972cC46A0330ae3,1.7930362559102687e+18
0x131cDecD08BE9211f024A9Af77f0a29Ef914b551,1790029835223819520
0xF815a566E42b0D8ddD5D77f91409A7d9CeB10B92,1749051313414878431
0x115AE299787383ED692F4210048e86e409a7A69a,1721456303515120165
0x26018a999d029eeC2a255a9Ba8762E37FF081099,1717464823372675111
0xCaF6A42eC6e3574dE56C690bbBc42aa898058bf2,1.705797580239964e+18
0xb8a48b0b7326D422662F79F8eF07E417B1d32eEF,1.6961405079900237e+18
0xea94C9a3Bcc2bf5a3c08e3de1Ccc64c6B6049710,1669005972402273965
0xD6C3F1a3a2A454260db1d1dC4572F4dD232b9f5C,1.659524138507454e+18
0x33265d44443a9aec15cAce5A70420305789Cd11b,1596793436260275513
0x8Bd5716403199A28e247B13268eb157C4581Cac5,1589820789588198191
0x98d0B17BdFDC5E1eDa1926B8E24FECD7e5ebDe24,1575877671377029856
0x2Ea0d5b3F17b5bE53DbeDD71Fd37B300660bEA7E,1550398824227711364
0x12398851149137dc6cb8D4960A6d41961B0cF660,1528475788312105661
0x06BF4a95b25f38C30011DBF16A6D758669F74609,1.5267048225814582e+18
0x9389E143DfF86096766Cd9fF82198857745A8d7b,1.5128486564762665e+18
0x55FAE2e945cAB5eb19Bd1127580495a32e240C26,1500000000000000000
0x809E7b210f8C599cEAFc3CfF49F4863B2dA07c59,1477111378450747017
0x7b36c434223B00AC272cF1F40F1acbB15683d392,1468339199970609361
0xC5e1569772b2d425Ac9469d39F17341C01e1CF4c,1.4437428856244605e+18
0xcd4DCFC2c4DBeD2c24c70f3649E25b4638280d4e,1.433543046000174e+18
0xf2EfC7b78168abC6A5be99e5624c64f2499d91fC,1.424576228171537e+18
0xA46B4C138A40769A7828272C24132C1000Af2c4C,1423589125665897812
0x69e89fCBfD7dFcfBF6AeF0BAC0140f770D0927c2,1422107151099039915
0xe9aeE0AE983498caeb04DFDCe57d79079BAc8cC5,1419015257492827149
0xc7E68DCCA0aD54e8608C2F399B5A729666D8A536,1.4107835371167534e+18
0x1395f53B0472827c78964316a7f5595f302e10c9,1400705342296746018
0xD239fEbd25f7318ea099E1b4Eb2c2AC9e1a0F787,1.3963723856118062e+18
0x11f13a72FAb90aFB64d90b8ddE78F46f4dF272E3,1.386664496902221e+18
0x5be10f3434bC1aC6C0A34f86Da39Ea0095392f21,1.386664496902221e+18
0xf6B5FD8e2CAC43987DE603ce7942E09e2DC8A2C9,1.3790583974344602e+18
0x0e01536C59Ac4c883C12F80E3225029C8d69ce17,1376346251054521817
0x49B6296a0540d4f0379B3d3b3d501d9bA103C1e8,1326952160038918848
0x555Ddc2f055ec8fEB832098C4109b9E04a4af111,1.3142572296106404e+18
0x610c92c70Eb55dFeAFe8970513D13771Da79f2e0,1.3047234676846339e+18
0x18b5BE29483b436b991A974098DA1832332B21D7,1296035475487527802
0xbF9F79298D4A72A7d0410A70a786e45b7272965a,1289335847871700940
0x21b3c0662FF70674DcAe175631EFB11876D602B5,1.2714985282993277e+18
0xD924BDd6fA7fd3D0Eb1337853a814a4263dCbfe8,1266600000000000000
0x4968B9b71fC5238F75939299a70DC03ba7002377,1225534096816997202
0xbBa33057Dd1cca99371a2e499136CD025F052037,1223388427090717117
0x8c0603f827A68476250fD27f964934a4E8d88E2d,1.1988674125271373e+18
0xE58D06e4475456FbC69b81afdFF2F18f6A5d1c31,1.1933322484511104e+18
0x96DFb1A1Cf4BBFFd812F0AdF887eAb42209D7222,1193140173082338404
0xaE9382a45bd2860EA1B4f739f089DB0C9fDa9544,1.1931335825907016e+18
0xaEBCc707edac413af8782c5bB1A29A6B2d904719,1191461691326360108
0x88baa8E1555A3CfeB125eF3da3d5E88E633F865D,1189237107271108813
0x3c458eb188c482ed52Cb4e74b4450D60e0a83652,1184886891979321935
0x8C0Eacd366a5085a8bbee1B6C18E216A8c7240b3,1.1778440002320532e+18
0xa6f1D78255AaBdE8E76b54699919409E2FfD5A2B,1.1751666961949437e+18
0x829148aBa1177C4b6A6A3dbcA3E165FD34094e1b,1171272866067837914
0xbFB5C354f091d200C75E43BF24562858d3aF4b39,1.126603955048393e+18
0xa99E5d5AeC0F681f3a2B1DD75E817A31f9B24A0A,1.1175778028988856e+18
0xDc6159942C92d1fc5fd1367454a4551b21563611,1.1141347502532471e+18
0xA808fF2462969b8a2F3D971934A8E1CF576ba16e,1.1121057857758697e+18
0xDFb66Eb0EDD03499dAc84Bf5b770f9Ea0e061047,1.1102257073064367e+18
0xe1D78DC2591e16187B16B06c497C40E5BA15A194,1.1066443588337751e+18
0xc82B24B06E7422c3087216c9B008d3B48B27F05D,1105887383690092990
0x0EfD009A815Ac7e7a1Cff3dD0170728663e70542,1086243133628739002
0xF01E07ae42369175a986Bb13fb3E097d0724f74a,1078496512443739352
0x4bb4c1B0745ef7B4642fEECcd0740deC417ca0a0,1.0745370279467086e+18
0xAC7326fCeC955BddD1CbF4507E568B55C79c12Cb,1.0711184804709784e+18
0x23de18575D9D61B4A2F9B3c86159bB10FB77875C,1.0692703206255153e+18
0xd22a60b66f764e3226655f3A515828426Dd72ea6,1058660671900496086
0x07514358ae6FB87C5e9E33a61b51768D43021883,1048830734000556833
0x4f9Dd4c3Ebf0490264eAD7d00f34178739c033A5,1038536451102161420
0x56EDFA4bfF12a8D5352523bb1CF4155335aaf8A3,1035381253600299250
0x4202Ebbd973A10a048b192756014314849D634b3,1034668456386569542
0xAe03A5D3E9cA46F48DfC85aF9801b4B7da7871e1,1023806955223951065
0x5e945fE1851a2bFC86d618e200708D6209Bb9Bb6,1023354138929944289
0xaf8f691603F576142438Ed78fb8A3316d36D303b,1019424238185613426
0x00257caF23d134F1554c589Efe997D1887605318,1013727169130826744
0xdcFCB57601647cC386630B1AF86D16d871397bEA,1010998915529658107
0x018111EAED9D8C073F25570a8de1A2003d71304f,1008974264728668702
0xBeF1FeFE4Bb6DDA516E9Af3A3F793d182cf053Bc,1006313709756843235
0xA45Ebb66489bC324e87230eff5e8BeC46E63f3B8,1001783742923612538
0x5Ff0F990137ED250c84C492a896cB3F980D0f6B9,1.0000981253380399e+18
0x29446cA66D70dcC7eF1A68F35845cf3691429486,1000003741727441804
0xF12F0868DE6E0c4D1ff0060662f7320B8E92f9EC,1000000000000000000
0xD31f074d8750D2c557bF9F1aCB0f931696E8Fc98,1000000000000000000
0x3Ccff23F33d2488D77E569bfAbf8Fcf7434A8D16,1000000000000000000
0x7a355c8Dc16005439E7A59aD9D0086640cc5ec48,1000000000000000000
0x9357134ddf0BFaCE4982C5E2C9b92014712E397c,1000000000000000000
0x167273FD8B2Ff982266699fdaF662ea63fAeDb99,1000000000000000000
0x3d316B25363A04e870FbFba989416767274a6F7D,1000000000000000000
0x6bE6cA957118E791007F79e2D32C08a8Ea6d0a36,1000000000000000000
0x94f99A00c763975c84CC6E3544417330c5E81252,1000000000000000000
0xd03466165c80C6d3147f54ab470BC0C5C164ae6c,1000000000000000000
0x03180215Daa2759CbC86f2e487B25Cca2883566D,1000000000000000000
0xf321b429c52FC531c22ab02Ec7A0E96D4ebAbb16,1000000000000000000
0x06D703811736A1cf0Fa059922b6Ab412A593F219,1000000000000000000
0x5c4b9E610BeC71B15E8193289b66530e0350A72C,1000000000000000000
0xAE1692D8D045716c948B707550e91DBd2C55169A,1000000000000000000
0x3a7FD157368536459B5bB4d4d33912E133d7D51C,1000000000000000000
0x7e388444731C38189C0685F6D98605107fF59282,1000000000000000000
0x65BccF9a6858fDF71640c60304D0ba4e3c88AFb6,1000000000000000000
0x6f473989f8e76210f37fA13835AA5Fbd08608525,1000000000000000000
0x1b23c4dda489e7e189b5239B82120c22CF94E117,1000000000000000000
0x995a57eB1f284aF2550243B06F29297Db5Fd13e8,1000000000000000000
0x88fb563C3eC904136666dc2e1eC5235A821EC9d0,9.858610868318646e+17
0x6A5C6230d96CdBb1063DCB8Cd40079813b8EF9fD,979622562474690318
0xf57Cf752b68Fdffd7652592C6e3556B501412241,9.780229357901605e+17
0x19B570af5DDdb8F0f5a15C83d07A1C5153865188,967569178000000000
0x6cbBE4B57453063f5e9502c0639AbEB0482c0139,9.650719795418952e+17
0xCd6E79E52227faa794e855F8BB6A475Ea1624c19,9.648986029645174e+17
0x9582bd002f02d9234A52ca6f81FFEAC710740B91,944646674812969463
0x355bf693Bb271d6Ea242CA1B524c9B7425347233,929826101680000000
0xFf533FbBF2afAB01E7C0AfD9d989feB40589304C,920885323354412826
0x3a86498DeAdb717D28E610C0E2D16A7F4663Bb23,920228728914607199
0x92a686623d801fB043d19dDDC0E034DAD0958f8C,911014986806102437
0x41BA28FA7757FBEFd4447Fd918ddD5cE3a18A356,9.007148876487205e+17
0x810840a1602d7A990545e012b8B764EaC98958EB,895385299134948424
0xd9CadD37Cbf1aDFfa83Fe459f610A8F4B8816C06,8.808862324070778e+17
0x9317858297181e5036D0BDe1b1b8ab4865d2Ed40,877615459086619525
0xA733D53C52D8a07Ea28627187A047E7015eF34b1,8.415660346638459e+17
0x0351c5599F6D7a0306c02E5C5B3B76f789B395a0,8.402082140411693e+17
0x79c0C2DFC3cA28Ed6d27D99FE7A26f5a09a21683,830744366309238772
0x46a0B4Fa58141ABa23185e79f7047A7dFd0FF100,8.0978753043783e+17
0x4C5745eb8062DDd323FD5e661437Be69c6CeC9AE,799092352600055193
0x63d8332C3Ca655a62355AE5f90ef708Ca4998C8d,798975562293599367
0x6DDbFA02a80aB01d0B31b6CAfE18ad758F7ebB86,795715796808319965
0x6e3167c7B68F92a9C33278D5Ad059E150f06b50C,794098932799041686
0x77171b9a373C417c1843BF9f6577E9A42E473C85,785881896797048880
0xb941F9b7566E7108332a9eC187D222A1Cc05e422,778894857986436499
0xaE74D4Af5310170f8B2c0227B0C8CA70c8E2C78F,768596976479454013
0x7E2f6E2f86089Ae708425BcA2E7Bf43ad5cA486E,745634569238021266
0x51DA3A3367537e401e6b630366045599760C6E14,742000000000000000
0x4E74b8974E11ec88784a026ef8212b21C878e48b,718327928741227727
0xc28bBeB8dCF086aeAF6e50259C553288a16E2a97,703469477996442488
0x0C1daE4a49e3dE040d9bD016a9788b0BCF104fB3,6.932776381445178e+17
0x2e29CfC451853397Dc8C1b0f66D4Bb83fb2b8795,663534871059078310
0xfD1935fD3C8f49723dEB7296c58Ba4BB1A0E48e1,658473306168811457
0x0A2A34CDFbADE6634d902D0D0a8Dc7533d26f7E3,654667465535183789
0x47FB983D3922bd0FeA068B82a7f5104BCFE6FE11,643094386085657701
0x8a21eaE11214cCB5A4C4d69837DA00CeFDED11A8,6.260897993647679e+17
0x9BA3560231e3E0aD7dde23106F5B98C72E30b468,610433009231592612
0xa24e93b119f12C81EC5c100624233Ff6e824E3bC,607411927847176788
0xf13d8C59832eE04274f30F875d90f4F1cDeCDf7B,600000000000000000
0x4d7DC0AD27E172cf4857f48A0485550B9838490a,599583337294240260
0x364A9Ec91951995d6E54e7351121BD4D4CdACc7A,594532132303811402
0xE03f3bC877491122096850CB827435F2AD2D8B90,587190886484056336
0xEa207B9D2430E09914b2cf46300d386f55987d94,586030959650250296
0x3E8C09d79331F21C49E204b30D090AB248cE35B2,581337352664188856
0x93f5af632Ce523286e033f0510E9b3C9710F4489,577292351192881993
0x21a0B6Fd81ec697E326228DF279F9Add0D1B021A,575446869522938426
0x18946BCfD128669a6198c762f99e269Cc40bB6F8,567246870767195159
0x0E75d423b4e5a53997B3F057868D73C1aC9bf50f,5.616356482145497e+17
0x3CeA18057894e09A253409a79e8247b07331d44b,561013913998772285
0xfCC8A87b2ECE610365853c00E139449d3637e067,5.473196629383117e+17
0x34d60dcaae92B6307500A2DEC8dA288A489cF4c9,540436898379656099
0xDa127aEd8bE083e7A498E5f118f8fB8e41604de5,537345016087482016
0x4d969419E426e4c792f9f2691A6ed5231E19f4EC,521983684781603115
0x00C67d9D6D3D13b42a87424E145826c467CcCd84,5.142823785907992e+17
0x30846fB348d10DcAb67Dc5374C17eBC518aBF516,511468552151732463
0xd51AC72808D70529Cd0b32AdBE3f6DD84866341c,505892040808341876
0x81Cda92098Ca40d318dBBB964952828b481e36df,504521486606462947
0xC80161E51de56947c3Bc6ECC0e92603647dB0aC0,500000000000000000
0x58654f05384E90004EC571ce732598C0f0b0eD79,500000000000000000
0xb7f90aACB380676479170558D8f477B1537E5D2C,500000000000000000
0xEc2C3ec4cBD939B7e508d4f58d803CbeA501983A,500000000000000000
0x3311F24e0DCC450829b4f492C2e48396117805c5,500000000000000000
0xdd4C3B2860f7C747C4F69414022D5FA7354Eef28,500000000000000000
0x2e7B45d2281F21Dfb41F8008f9e6FbF19cD12386,500000000000000000
0xe1Fb125AF017Ad118Eb4A3c3C6C346E6bd6695E7,4.780575145754457e+17
0xf6858e42f12aE3FF9329fF3Fd274c18146a597Fb,464749822076753392
0xf54eeeb761f18DA84a0c8162484Ed32b7D490716,462627892650700157
0x2f80E5163A7A774038753593010173322eA6f9fe,4.506222449884042e+17
0x1889AF6eB9Bd12fA90FDB7A4C857Eff510d54530,448551059808606509
0x4Ba63456e5D00e275c561125796fF5a9aD5DB990,446696159590159581
0x1b78dDa5B1782a025955Cd143edEfAf68776009c,440293748551242458
0xa49bE5be35bB93877754B8D0D5e60c35010EE0A9,439343238274503931
0x0994e0D1ebA4718C24C6B92DB2B3eCEC4E709552,4.371477666528481e+17
0x0E64cbCA254788dF4A8D29E3721D077D91d0D92A,434285928221184661
0x89AbCD47dA1aDcC90AA02b775c5D720cB3b88cA5,421285361442436713
0x30464064081dE25bcfD350Be95f3bcC61e9C174F,4.151518667778514e+17
0x919eb8b9Ee1903d22cf20A6db92C1B3B8983F20E,409055985748203456
0x9bfEB9929C62AD9Bc69b0C4648C18e9E80418D4e,400985877887230585
0xeA58432117f979A626C03265b42A067a2a83B86B,400000000000000000
0xDA42287770D92B3B4A85293196a049589c56bA94,391059108392212644
0xb78afC3695870310E7C337aFBA7925308C1D946f,3.883500377750567e+17
0x6E39a053265B182F7dc4624967A307F1984B05e8,387081929963754107
0xddA7AE63bA3C4587cA2C25D2D47c433Bc0E441c2,380000000000000000
0xBCe03405638247f5CA3eA767b2367B1af307Ea81,3.7847838635032134e+17
0x0AE72609b7b6269bb1a289761120d490150B04a3,375176166936265367
0x5A0f2C1d8E563db79Ee40F979F6bcD0d27f86f80,370990234623620833
0x201b0bd919ee645B317761bc91029D3AB5e9A118,368659808006167303
0x4a016bfE6Dc98A38de8CF5A5Dc61a31529402E99,363304831685105812
0x82f40968B372c3b42F8a23BE357dD08E8Bc992A1,3.6276744801192506e+17
0x52032BE37a44dB879Bd9A36fC3bff6c3f431FbE7,362315340144170372
0xb424e194ad69a4666c2dEAd518c7aeCFb4890BD8,3.621227115432927e+17
0xC2f39bFCDee4C4c33359edBa8fB3C4cfa044E8fB,3.621083129536061e+17
0x3598827Daf8CD64983bB25e180f7Dc7684f617D5,359021792362487867
0xf39b2B1672330257c5ecdb6ddF5d16b7819C33CC,3.589032871024099e+17
0x82eD209c800Ea2248265377f20eA8530bedcE2B2,357136138464338181
0x19BB34410c9a0f70E89d1b9ab054059Ed1cf5aa8,3.562966243800914e+17
0x52427b0035F494a21a0A4A1AbE04d679f789c821,350490344038274085
0xAcF98aF36845EC9AEda29FEEd2907ea287388cF3,345905081062863155
0x6AB880AFd1E0C7786cc5D05F4FD9b17761768da8,338914995634698573
0x6c2693F5a936f37eD03CfA8465bF2D8BEFf19A0f,335515241026688178
0x52A42429BDAaD4396F128CB92167e64a96bE8A61,3.353480478338998e+17
0x479113766B1b6CB9fc1A76bfCB69fF9663C2a06F,325268427174198767
0x0215c140840B896e1e371525D1f70cefbd09aAfa,321010219259250934
0x382fFCe2287252F930E1C8DC9328dac5BF282bA1,315486649460797802
0x7FC65b5A0D2DCAb77b2B9A9cB15D788d071e3e9b,307229309464036614
0xDA57009d183fF7e2a4DA0f552a801FFd440a3e23,302929626452736729
0x1e121993b4A8bC79D18A4C409dB84c100FFf25F5,294738726152934268
0xCbDc5ee81cdB51c7f8AF22725A66a77Efd3D9680,292671802201986423
0x063e20FeE6E9742e627c1302eCE5864a7B428c47,291500706773731933
0x652968C8e951709997418eB6B22B7f2f8E99fdfa,277390108195203618
0xdD45f56Bd7B0390a31E3c5ee88A200A9591bc361,264482658764859779
0xDC248474911C3EF3A870ba6f70559f7B66C0e84c,264338510625253959
0x51137c23381e3512a357E8EE2007AEfa652AB938,262066613127926961
0xce66C6A88bD7BEc215Aa04FDa4CF7C81055521D0,259909508031805577
0x624b54D7007aA7Dc90fDBf9E7CA424710a23b2D5,257811576185479860
0x26BC5Cf2269cAc024B106856aD37a1439CaDd731,255934370789480632
0x5e27A2447b4f19064f0014D3De3bB0777f7b84c9,250000000000000000
0xB2D14E8686EdC1D25338D3982e5B53f5D6277b23,250000000000000000
0xc0AFEF712a1341cA78dA145B2AFAd346E8C3574F,250000000000000000
0x20f3C88d39c03262eFDDAEE16768e7a334Ff2A3d,246649885412366798
0x4e813eC39449bbF295C502f0A86d340b6b40dfab,243323821509383793
0x1682774802F0656bEf4Cb661979E33D303622370,241159288247657525
0x8e2F69024757995ad92aE1c1d46ddd2aBd838F33,237628199018700814
0x1DC9ee19Bc6eCe2df030Eb1F4f5d775e817d798D,2.3701016500421405e+17
0xe2759ecDeD268614A6911b3AA302d417efC22CAd,236350157143804429
0x1623d9b0A22628a353667c80Bc12328946050560,235845878037635884
0x8042d9d476cfD2CC1BcdB4326D5cA3F30a994379,2.340999616361744e+17
0x372ed45047d04Ac3e36f7Af39D1cC0a432Bdc9e4,229111336144933843
0x5CDf0c6cB315050905c9D4Ca52130B5C4728a402,225913318087359213
0xe080c06487e3c43f1594B4655546651D7207207B,2.243442886076844e+17
0xe703A1fEa0EAe2d6963f4478Df64AC1456Ac315D,217900716449822066
0x1D95A0B56e5bED6BE9dBB8ED771B669D166FAd75,2.1720768850351517e+17
0x844a4a057294123a16a323aAc64C59bCa4068502,213206090364726488
0x9eDe2594fD975d96643D5195BB65924C53384e3a,210627753746092295
0x8ee56167535f7ffEa9EEE667dAe5acbE5C7fB2BB,210000000000000000
0x8cA91B08C494c45644144d15CEdf3c23Fb5CC7c4,210000000000000000
0x93D653856D018c39aeE4B1EE0a4E705B8b6A268C,210000000000000000
0xdcFBA03416094981E565cF125f3F73F263C3878e,204807462183449330
0x8F379792Bd0cE4eD289786E52eC318B838d24B47,204355381761007139
0x4595C6a915678b3dfd03BbE612ea7CAc7353cBd2,203397276064598400
0x29f3015d38d09A209Fd32e9122E0A7cF07270459,202945753191171748
0x7D3bF2cb39f5cEEeca91eCc8201Dc01616AD089f,2.010467661779568e+17
0x7ce8CD580Cfae9f162BcbBFA80dcf3765f99Ca7f,200360456745639375
0x6AE1961c0Fd0b5807d5eC64faaCd0e335c5742CD,198589900664536139
0x7911670881A81F8410d06053d7B3c237cE77b9B4,197941861697092855
0x46598AFd5f964350a2BF58053A5DE39bfF019D88,197151346835642723
0x64D4B9B24DC4AfB5d3084d7dfb02d5602064E6e6,194923173449306000
0xFA6C97f0efFaB1Ce8D7CD80EB96DDF2ac6bf0e38,192018723631087646
0x57FE4c6802e56511a722A5DB23e0443c834E7999,1.9165304909419094e+17
0x3E62EbD7C59c60D104Dff76585c92bB88664031f,190283864909945275
0x326E90EBe2957EB593CD4210ab7e314c719aCAA2,1.862084688453612e+17
0xe1676f8A030020fA68da24DCDEA181D3d3c8170d,184229440707895953
0x61ACF2bB2245Ce062d3ea08F77492Dd5E81014c1,1.841393658577363e+17
0x9216a487C6337CF2737326F43B3173f1bD995B09,179774093943067513
0xF7A819DEBA0d69C4f3567cb9fAc04B05Ec3A6516,179165568361298661
0xE67c8992C35F3fFdbfFd5B3953B0CA7eFa651068,175470343466147085
0x1D1D6B16e14D7E20A050862e8C071B8D99D82EE9,174850318069713890
0xb5Bb88DD5C237A2757d407BCA22160dc6C4C8753,172747210286826129
0xd0103edA26ee0e8911b9F3C1a96E33980c7Ee042,1.6953883113906048e+17
0xBfD7F0DB71253edaa59743163D3eECfa27a01A6e,167514432229707639
0x92cAC7871F88976c137ba80fd0CEdE4A7E12E190,159544993394306826
0xf84835Af6A324F73c9102a889513B56dE36Fb43a,156209918390119780
0x259a3D26B9CCbABee929Cd519317A823b117DfCF,1.486664496902221e+17
0x53B653348d15eFFB54e8CFbF53D2987B711B331b,1.4500396165072454e+17
0xEF1271AE97Bc1A1b356Ab697e9Ed0D1D4e05FcdA,142566756900082433
0x40950267d12e979AD42974be5Ac9A7e452f9505E,1.3941305538409518e+17
0xa172cc581cF335022Bb2911E03b4cE708f733243,138859146960937681
0x2dd822b9651D027f09BC3799Aa4ceBA77b6C6461,136092689948341503
0x577BE3eD9A71E1c355f519BBDF5f09Ba2018b1Cc,133885049472159695
0x8958d239771B09EBD25EF59DE325e52267343B48,1.338214772520776e+17
0xb7b5633A133cd5971954eAee88720be0bc8D05c4,130400978933713344
0xD111b37e1232D51149F62Ed69F4dcD2976DCbC6f,127561165426160881
0x53BFF0E8b8F0926AC5e81C52DbF5E517c03336f4,124709453303764604
0x04C18CbF703c72591F1800b52d801a948f55e00C,124566038948996708
0x8bb18f1eeB8d170F4edfE2C5D008986171B4e572,1.2401016942042832e+17
0x3c2E77D0a1D6E622038565ea5b237D6C5a1bF81D,1.2197610962179994e+17
0x94A468FCB53A043Bf5Cd95EF21892E02C71134Be,118506657279118148
0x9eD04A577c1c37E64A621b0Bb21a21B9a0483948,114045838389219207
0xC54C2ff7023b8a414b277528eE9c1c14a65bAA99,113487986000000000
0x7f4d80859AC40C67f5e1EbEC024C7bF4c3365561,108989690564983265
0x720c9244473Dfc596547c1f7B6261c7112A3dad4,107728546103133620
0x60ab7A5534F4868027dF1d06a336103F8909d45A,104598700000000000
0x89d3aa6304FD41Bd5c3379B3d8B9F77c84Bd6cf9,104521130000000000
0xdE61b99bC59F1c9d3D91c4D96503B3b882335E85,104350000000000000
0xf6550B22086C3f50A907294e741706617d208d28,103834885398405697
0x10F1fa45e20d4a0E43C76e316caf7cc003771868,102792000000000000
0x922d745a071ADE1f31E554d81056f111E938EB67,102130400000000000
0xD9dF03411978ac98916Be074aD05dDe787B69608,101113432400000000
0x4bB8905416bb3C5096052300daFaC516e5bDf758,101010101000000000
0x6203aF490FeB5E5d66CF0C26BFb888E957563585,100980000000000000
0xF9b7850ee758Ca9878A052AEeD04f24A50531ea1,100229893306471922
0x40555CB54453FE31A51d9d980F802d8ece43A3E4,100140975000000000
0xeCa533C2184f11f76d4761e79fC2B465f678cdBB,100098097600000000
0x8dFcc80aA3f4704966e1E3Beb27dbbC7534b6263,100000000000000000
0x39afb7E2F4360918294B39948B344A5404bBd849,100000000000000000
0x536C9b59A845B6eCb38C476817E4F22134DE19D2,100000000000000000
0x30FE0d8d2d81EA568fF60B6E28Ab74Eb7E548cb0,100000000000000000
0x649E44a9cB3a032D0DF07e910e8D30AFF3ad7cED,100000000000000000
0x5Da487Ea7278E25288fd4f0f9243e3Fa61bc7443,100000000000000000
